-6.792109031842824e-06,0.00031490330110273135
-6.792109031842824e-06,0.00031490330110273135
-6.792109031842824e-06,0.00031490330110273135
-6.792109031842824e-06,0.00031490330110273135
-6.792109031842824e-06,0.00031490330110273135
-6.792109031842824e-06,0.00031490330110273135
-6.792109031842824e-06,0.00031490330110273135
-6.792109031842824e-06,0.00031490330110273135
-6.792109031842824e-06,0.00031490330110273135
-6.792109031842824e-06,0.00031490330110273135
-6.792109031842824e-06,0.00031490330110273135
-6.792109031842824e-06,0.00031490330110273135
-5.971278719089486e-06,0.000302831236581369
-8.057229878447987e-06,0.00029564985428010004
-1.3879221854805961e-06,0.00029534368994177385
-1.5036308200580206e-06,0.00027983178557633437
-5.1380684765586356e-06,0.00028811612594381586
-1.1762965229015833e-06,0.0002771038946320914
-3.756356349730282e-06,0.00028109961249356274
-8.912277702595964e-06,0.00028024260868164674
-1.0852123867388576e-05,0.0002848476260908228
-5.681820649142855e-06,0.0002703083024755415
-1.907719435264181e-06,0.0002876874143282748
-4.734791187673289e-06,0.000276970266185117
-3.2845576899381906e-06,0.0002903482271960911
-3.1563009555055435e-06,0.0002827276499317577
-1.1044835402781588e-06,0.0002758035717818075
-7.780704645118056e-06,0.0002811511424170021
-6.721462941398249e-06,0.00029064001049050603
-1.1427667714817914e-06,0.00027958961737795107
2.6156130693201486e-07,0.00029872066096459093
-4.984276302114864e-06,0.00029491300588802005
-6.256857395052134e-06,0.00029716598479012646
-6.732506450605587e-06,0.00029426034961943515
-3.2261039366894008e-06,0.0002880569711010139
-1.9977031584517135e-06,0.0002860684645327183
-4.180984001282258e-06,0.0002842565449725498
-5.222371648220502e-06,0.00028937930224515185
-3.316224595672969e-06,0.00028057485846488817
-7.215476616003275e-06,0.00027887147331284723
-3.0791376875484724e-06,0.0002815874026680376
-2.6783848342203724e-06,0.00027729998538461587
-1.9180423619703164e-06,0.0002826117145673379
-6.6725656141185874e-06,0.0002664595700139216
-5.44081721877896e-06,0.00028067832082001587
-4.900627482088811e-06,0.000274387007777932
-3.487978150847573e-06,0.0002740152197304724
-2.916560845278582e-06,0.00029306192536182607
-1.2659128102295996e-06,0.0002768847828917842
-6.085914053407055e-06,0.0002866674959989268
-7.641509648651908e-06,0.0002799152996431076
1.062351972506696e-06,0.00028557517748595274
-1.7926134617189461e-06,0.0002692552913856616
-2.155464281331905e-06,0.000284133756878191
-4.26774359693452e-06,0.0002892318880753919
-1.7328827623176097e-06,0.00029105966396514305
2.6134302599494507e-06,0.000297539261083557
-6.663439772702707e-06,0.0002946274807698046
0.7437020718107445,-0.00028807460489588266
1.1284149113503477,-0.000587090465160145
1.4250075578110069,-0.0017363472071281194
1.8225862512934468,-0.0024063379066205925
2.2796065940495622,-0.003341968709378307
2.7370255102470478,-0.004296122530377033
3.1948417588030606,-0.005268008310480354
3.6530541313635725,-0.006257647031475244
4.111663657213667,-0.00726977709425114
4.5706831821650455,-0.008308564764490711
5.03007902642266,-0.009358436542669324
5.4898615078470225,-0.010422316258484443
5.950031266066183,-0.011504814454440293
6.410575480562221,-0.012601558492036702
7.025219494112591,-0.014081934665085782
7.486636836256514,-0.015205963762184638
7.94842332460632,-0.016349762114174382
8.564682785029188,-0.01789538226262266
9.181534333551983,-0.019448641444171244
9.490209256943638,-0.020237104765442382
9.953513673230331,-0.021429927351817923
10.41716455814009,-0.02263668640830474
10.881176520842372,-0.02386516754373247
11.34553642515169,-0.02510748376496963
11.655297541751873,-0.02593947441846467
12.12021643747409,-0.0271961648571164
12.58545797905096,-0.0284624182319817
13.051062861092415,-0.029748013824331565
13.516997367537998,-0.031047557024294292
13.983265960834096,-0.032366818785476426
14.605474940101118,-0.034145934973935255
14.91677807029814,-0.03503927336831225
15.539831033029511,-0.03686081170283728
16.007484926977398,-0.03824498996934267
16.475457157610908,-0.03966004837323567
16.943758528408043,-0.04110034312137145
17.568686816234624,-0.04305480595817812
18.037696892603456,-0.044528732457109754
18.663523784665593,-0.04652638745852755
19.133242550528898,-0.04804266202575036
19.603225842267328,-0.049581450918822156
20.23031247975062,-0.0516481842480232
20.857932832567368,-0.05376977552157314
21.171936845643227,-0.054847452768370886
21.800306061549197,-0.05703690139051787
22.429206023200333,-0.05925587585932135
22.74382694638776,-0.06037093591208986
23.373420668502465,-0.06264110333111716
23.84588578195858,-0.06436035997430167
24.318651908204696,-0.06608396340075728
24.791633218790313,-0.06782834909682833
25.264821399062612,-0.06957555805226434
25.738313874008657,-0.07135007928260961
26.369948397200446,-0.07371777245333533
26.685937592933495,-0.07491521608625362
27.318180095366184,-0.07737686366149887
27.95089981644223,-0.07989842892197885
28.26744979296171,-0.08115221970325592
28.900778625005405,-0.08367670948271666
29.53451196334745,-0.08624537766689855
30.01007743409922,-0.08817350861775708
30.327246550764034,-0.08948740268169786
30.803186434638285,-0.0914902945807512
31.279299837367972,-0.09350085684241094
31.91445941077228,-0.09622135237177076
32.23219553879766,-0.09758731623219319
32.70890584393017,-0.09963164973100902
33.02683618792874,-0.10103356357450366
33.66291795747385,-0.10384222920228581
34.29885619482862,-0.10650105437343882
34.616916966058014,-0.10785780898157782
35.25363277658449,-0.11067097774480317
35.73131537419449,-0.1127941033145703
36.20932234225134,-0.11495905418655639
36.84687230688379,-0.11787830044633552
37.324992435283335,-0.11998273122875958
37.80358906559631,-0.1222027356313049
38.44209442855835,-0.12521008083621155
39.08052464539952,-0.12815011529181675
39.55941922274985,-0.1303236390897098
40.03855660702796,-0.13251872717449942
40.51814362732807,-0.13483599904060384
40.997710302382046,-0.13709063217228845
41.63747006946046,-0.140148503339816
42.1174147294109,-0.14245909036034732
42.597384059945156,-0.14476989098119475
43.237752950392135,-0.14787487359467377
43.87818970000302,-0.1509692132082705
44.35867859949268,-0.15333230297559908
44.83934008827148,-0.1557353658104148
45.31998816313615,-0.15807975354204018
45.80065763856893,-0.1604416833649509
46.28162545560618,-0.16286311700022793
46.762655198367156,-0.1653139532087664
47.24384635140369,-0.16774835392419618
47.72518908272652,-0.17023299460160501
48.20652564884738,-0.17273363780481077
48.84845786237298,-0.1760851959591605
49.33000542838674,-0.17862019611473556
49.81163358432864,-0.1811739267195378
50.29333939286381,-0.18374692753445743
50.77511917257734,-0.18633919423839984
51.25697005961243,-0.18895101495073163
51.73888864805597,-0.19158219552511468
52.22087159606638,-0.19423268288164763
52.70291603016779,-0.19690243216925296
53.185018414017755,-0.19959096628005568
53.66717593745075,-0.20229826258793082
54.149384911168084,-0.20502366090846635
54.63164245021215,-0.2077668418488372
55.11394509807762,-0.21052738812420557
55.59628993330584,-0.21330500196472713
56.07867399262725,-0.21609925622985315
56.561093886554296,-0.218909477097327
56.88272551891265,-0.2207916889105661
57.36519833003551,-0.22362766253760924
57.84769857528173,-0.22647849238083495
58.4910694765732,-0.23030210975144882
59.13447653934223,-0.23415059150590878
59.61705102365942,-0.2370529801141288
60.09963856396576,-0.23996880950380728
60.743103889464386,-0.24387706678498944
61.22570995801469,-0.24682352153692477
61.708319181188365,-0.24978316935488465
62.19092854942596,-0.25275614072094754
62.67353462210874,-0.25574208655498865
63.316999696749136,-0.25974412512567824
63.79958693359431,-0.26276136442348275
64.12130520069267,-0.2647806186311641
64.60386942624923,-0.2678210044231264
65.0864158018406,-0.27087562802196885
65.72977832754434,-0.274970863198007
66.42856376269589,-0.2791421045295692
67.04970284527003,-0.2823778386675997
67.75405281743907,-0.2857092280802931
68.54164290496327,-0.28913934073199243
69.41250715984829,-0.2926715577125947
70.70326544150701,-0.297545555478564
71.76859582231495,-0.3013285463704847
72.91734765044319,-0.3052244550619889
74.57887436387773,-0.31059941788507217
75.92248789919597,-0.3147709471173812
77.34971262043143,-0.3190656298467047
78.86061145293066,-0.32348647358361404
80.45525068064897,-0.32803625222487653
82.133698744211,-0.3327181977280418
83.8960272989102,-0.3375349441960225
85.74230457449175,-0.3424889438974503
87.6726076831381,-0.3475837324679105
89.68700861912546,-0.3528214568555086
91.78558461153482,-0.35820549134379576
94.65828806297952,-0.36556299227109434
96.81228213083739,-0.3711626427782164
98.96574693947848,-0.3768317180616805
101.11865667922393,-0.38257124644192686
103.27099775062942,-0.3883813347791545
105.4227609536487,-0.39426314952123676
107.57394042525272,-0.4002171168041855
110.44126829888016,-0.4082682747340982
112.59108616752822,-0.41439259313580123
114.7403278241831,-0.4205911801014679
116.88900274553373,-0.42686483388803254
119.03712129518115,-0.4332157924735043
121.18469870097866,-0.4396434103523461
123.33175193473924,-0.44614721793521994
124.76283775516518,-0.45052549353363247
127.62435706336632,-0.4593823575036424
130.48504722961658,-0.4683730944571778
132.63005153259644,-0.47520282185820406
134.77463931369653,-0.48210618458395516
136.91883350259644,-0.48908220203324504
139.0626556677679,-0.49613078039462266
141.2061264664308,-0.503250075951513
143.3492650659563,-0.5104389825793021
145.49208950921314,-0.5176967183329282
147.6346165016767,-0.5250217896071661
149.7768608435836,-0.532413054365179
152.63276612619603,-0.5423688764353471
155.48820801234413,-0.5524373838152314
157.62949050037824,-0.5600607675913523
159.77051619921883,-0.567744213460827
162.6248066269979,-0.5780810590496799
164.7652027706648,-0.5859012462655926
167.61860342887547,-0.5964162008792471
169.7582780921147,-0.6043677797657381
171.8975962582202,-0.612373567662928
174.0365219352852,-0.6204335791427695
176.17501167518208,-0.6285471012093922
177.60040416525698,-0.6339852933808743
179.73805116039694,-0.6421862858571785
181.8751096066664,-0.6504391760651629
184.0115131561645,-0.6587444912618139
186.14717973332046,-0.6671019277471544
188.28202402263682,-0.6755114728514968
190.41595050609595,-0.683973114707527
192.5488568813375,-0.6924875990308692
195.3909475423319,-0.7039218786361516
197.52101727851112,-0.7125595263931928
199.6496554653632,-0.7212505564910714
201.77672502757224,-0.7299961002442217
203.90215074463617,-0.7387956745540407
206.02591905806196,-0.7476506703622192
208.85500957279405,-0.7595457176302034
210.9748637045243,-0.7685345433816053
213.0930251062801,-0.7775831849757822
215.20948273076246,-0.7866916337338239
217.32423118097114,-0.7958614481496511
220.14122462736879,-0.8081831758862847
222.25196376907377,-0.8174978382719189
224.3609763504543,-0.8268749629983176
226.46826143684433,-0.8363148159028242
228.5738183960443,-0.8458177235848723
230.6776489323718,-0.8553834218938334
232.77975422505787,-0.8650116060329367
234.88013565845654,-0.8746970318622687
236.9787969630152,-0.884436214541438
239.07574646683437,-0.8942378179846742
241.1709900028218,-0.9041019861744246
243.26453549837925,-0.9140295784440582
245.35639175111527,-0.9240204270922447
247.44656979296238,-0.934074662401116
249.53508116982306,-0.9441913016985666
251.6219395225011,-0.954370274750687
253.7071590006319,-0.9646107941628657
255.7907554956913,-0.9749118689747718
257.87274617096494,-0.9852719578924791
259.9531488117745,-0.9956898487885439
262.0319822411525,-1.0061640915765508
264.1092664433517,-1.0166928202662007
266.1850252802547,-1.0272748272406034
268.25927966034334,-1.037908167610965
270.33205656192246,-1.0485915797848122
272.4033812507433,-1.059323634141208
274.47327936628807,-1.0701017015541368
276.54178185228096,-1.080925780338788
278.6089164300458,-1.0917935745928844
280.67471380855795,-1.102703366483695
282.73920959191315,-1.1136586160763784
284.8024361163081,-1.1246643259913753
286.86443042665786,-1.1357230850830433
288.9252310498392,-1.1468386908664172
290.98487975384825,-1.1580171867800004
293.0434170760482,-1.1692655996991448
295.1008903433965,-1.1805926103845081
296.08241275967544,-1.1907028878289907
294.9184161614527,-1.198228016277028
293.7607696374437,-1.2057166372030395
292.60885338793327,-1.2131640873767253
291.4621130136299,-1.2205660951898096
290.32032730694567,-1.2279217378643068
289.1834463442571,-1.2352304038813884
288.0514259719402,-1.2424927043821015
286.9242196791886,-1.2497081644814898
285.8017812247786,-1.2568763784869361
284.6840656923981,-1.2639968717586498
283.5710284695284,-1.2710695540279744
282.46262456188515,-1.2780937451590262
281.35881037464935,-1.2850696729828996
280.259541952482,-1.291996640255661
279.1647767513518,-1.2988743256571809
278.0744719123176,-1.305702839179446
276.98858572518895,-1.3124818999387458
275.9070778030745,-1.3192117134874195
274.82990768008585,-1.3258919593199607
273.7570363596971,-1.332523135033
272.6884250848284,-1.3391069036647139
271.6240362034234,-1.345646335510338
270.56383297024354,-1.3521419909705514
269.50778010741675,-1.358594756153252
268.455843363259,-1.365005513884853
267.40798898872873,-1.3713749182404058
266.71167126033953,-1.3755988058451578
265.6705487247916,-1.3819016775221655
264.633422640015,-1.3881661510690435
263.60026214204254,-1.3943925912299164
262.57103650945743,-1.4005826548345794
261.5457153268972,-1.4067370545432993
260.5242677260191,-1.4128560082734793
259.5066640536267,-1.418940687946872
258.49287415279406,-1.4249915520988168
257.48286713469895,-1.4310090001251012
256.47661291627594,-1.4369935154633993
255.47408146811495,-1.442945691708843
254.47524218880906,-1.4488654432144585
253.48006368764095,-1.4547531729315608
252.48851517189578,-1.4606087279519215
251.500565338536,-1.4664325907463933
250.5161841626308,-1.4722247541404556
249.53534012369002,-1.4779854849457763
248.5580018401376,-1.4837141487114707
247.58413915252942,-1.4894114459697505
246.6137208067468,-1.4950768681409556
245.646715741292,-1.5007103091006968
244.68309376651902,-1.5063121081247743
243.72282490179376,-1.5118817854061888
243.08449343737314,-1.5155772116890773
242.1297474512145,-1.5210940504023824
241.1782762983985,-1.5265792484267422
240.23005060877276,-1.532032149661319
239.28504223724752,-1.5374531349487484
238.343223639345,-1.54284240100651
237.09237308755024,-1.5499787284126683
235.84698765444122,-1.5570582302264313
234.60687578655848,-1.5640804083993203
233.6801460074905,-1.5693091244904736
232.756211835629,-1.57450519395789
231.52853468825663,-1.5813821423251397
230.61087309405394,-1.5865018300573297
229.6958005560486,-1.5915889685098819
228.78326128542835,-1.5966430018695519
227.87320443768786,-1.6016645364204294
226.96558095535943,-1.606653401908801
226.06034524110768,-1.6116100730630762
225.15745364193862,-1.6165347688198608
224.25686527444074,-1.621427257210314
223.35854181669882,-1.626288086108616
222.4624460877486,-1.6311169790218685
221.86627011394998,-1.6343188897243408
220.67680618757177,-1.6406810697921799
219.78719935077936,-1.645416293341185
218.89969542160577,-1.6501203766599133
218.01426769031937,-1.654793604481
217.13089109430476,-1.6594362717946467
216.24954186543337,-1.6640481230775492
215.37019720821857,-1.6686293837702806
214.492836363842,-1.6731802313910578
213.32607439742046,-1.6792007979593109
212.16276005291843,-1.6851672317814916
211.2925124301545,-1.6896065140140593
210.42416622349054,-1.6940155871364198
209.55770657057474,-1.6983943849268996
208.9811075959774,-1.7012966668274032
207.83039217822576,-1.7070610049974562
206.9695129137333,-1.711348901121994
206.11047078458975,-1.7156067402365807
205.2532550772391,-1.7198345562253792
204.68278756255998,-1.7226363455802698
202.97620337047337,-1.7309613533485049
202.1256067557417,-1.7350790558275264
200.99425734959908,-1.7405230197927892
200.14782088003167,-1.7445712159743607
199.0219957275576,-1.749922978222287
198.1796878501211,-1.753902647210083
197.3391411100347,-1.757853136548448
196.50035078302054,-1.761774529140581
195.66331387020168,-1.7656670325533526
194.82802651733238,-1.7695310261385657
193.99448599277684,-1.7733667291043673
192.88580942230092,-1.7784365900860735
192.05633288675335,-1.7822062470474123
191.2285942902053,-1.7859480826804486
190.4025914148394,-1.7896625006865179
189.57832314232886,-1.7933495476894734
188.75578699096607,-1.7970093292485956
187.9349819137894,-1.8006422248211038
187.11590647540038,-1.8042483713240927
186.29855897548669,-1.8078280711029322
185.48293782270903,-1.8113812655505228
184.66904291086635,-1.8149085782045802
184.12740433516845,-1.8172457520965395
183.04642432489186,-1.821885571706673
182.23769854610933,-1.825335732978374
181.43069346479203,-1.8287605409769299
180.62540828032937,-1.8321600903187232
179.82184148588024,-1.835534658287429
179.0199922372916,-1.838884421593832
178.21985922201932,-1.8422096933817045
177.4214405166862,-1.8455104976403902
176.62473526938,-1.848787006856071
175.82974182353266,-1.852039366074223
175.03645871712294,-1.855267836985547
174.2448845491999,-1.8584725370991748
173.4550171294475,-1.8616534705839456
172.6668549837668,-1.8648108491188111
171.88039648391543,-1.8679451398090237
171.09563979401443,-1.871056270396764
170.05194090660603,-1.8751687409286149
169.27114692258965,-1.8782264933908266
168.4920475279704,-1.8812617700116618
167.71464073131807,-1.8842747180325148
166.938923734763,-1.8872653674578146
166.16489434087651,-1.8902340596506235
165.3925497333983,-1.893181033122886
164.62188719398034,-1.8961062255959007
163.85290419507527,-1.8990100704925794
163.08559759552185,-1.9018925679680478
162.31996411054791,-1.9047539388523376
161.5560005102802,-1.9075942913833899
160.79370421887396,-1.9104140764831072
160.03307097778557,-1.9132133381089602
159.2740975514785,-1.9159922881828209
158.51678008646795,-1.918750968914793
157.7611150185599,-1.9214896419520073
157.00709843843634,-1.92420855064276
156.25472593345157,-1.9269079249914682
155.5039933560524,-1.9295878538924
154.75489627939342,-1.9322484004470937
153.75863662734096,-1.9357660756795099
153.0133381772544,-1.9383822609345316
152.26965985696674,-1.9409799496796438
151.52759657579927,-1.9435590020411269
151.03378258324193,-1.945268160190011
150.29439968499125,-1.9478165924070368
149.5566179708795,-1.9503469379627347
148.82043205723878,-1.9528593864818333
148.08583617707413,-1.9553538812400575
147.3528248485961,-1.9578308287024413
146.62139251458964,-1.9602903176818245
145.89153294903662,-1.9627322402164395
145.1632399439487,-1.9651568947121802
144.43650786390387,-1.9675645976907674
143.71133005286003,-1.9699553804584014
142.98770007482725,-1.9723291947401833
142.2656115502877,-1.9746862668660015
141.3052131716141,-1.9778033388980987
140.58669567606233,-1.9801221464196317
139.86969643647302,-1.9824245463758245
139.15420456435376,-1.9847108384423962
138.44020726797498,-1.9869810203411191
137.7276924966792,-1.9892351255953145
137.01664775683574,-1.991473216281861
136.5434287763524,-1.992956444412556
135.83480734679304,-1.9951679443108787
135.1276239092037,-1.9973634545531809
134.42186662084518,-1.9995432569153877
133.71752397726476,-2.001707429735063
133.01458424991185,-2.0038558794229857
132.31303551360057,-2.005988661676696
131.61286649216612,-2.0081057914976554
130.68143407742338,-2.0109045905493304
129.98444004899474,-2.012985701307116
129.28878838256344,-2.015051515460385
128.59446778230304,-2.0171019502614342
127.90146744106993,-2.019137029123698
127.20977589327958,-2.0211567235487564
126.51938310379569,-2.0231615348228615
125.83027783853898,-2.025151271261052
125.14244965078635,-2.0271258262249603
124.45588802462665,-2.0290855190289676
123.77058211936848,-2.0310303067807354
123.08652219217578,-2.032960328338163
122.40369733642714,-2.034875257617955
121.72209739608913,-2.03677565218959
121.04171235138037,-2.038661198738396
120.36253193518526,-2.040532025386483
119.68454623598421,-2.04238831233738
119.23321471869036,-2.0436178159679343
118.55719791872653,-2.04544992979271
117.88234958573568,-2.047267401796205
116.98435246991653,-2.0496681197376745
116.08839166548546,-2.052043398227653
115.4177440732205,-2.053808136043017
114.74821989685273,-2.055558459949083
114.07980950078519,-2.0572944014136
113.63481662862498,-2.058443773820784
112.96824211638518,-2.0601562368219106
112.30275654363568,-2.061854399494962
111.63835113301802,-2.063538595248076
110.9750163878132,-2.0652084652175233
110.31274334337128,-2.0668642314032013
109.65152328608382,-2.0685061731270196
109.21129033661735,-2.0695930740249935
108.55180487109735,-2.071211626192053
107.89334861175053,-2.072816237459989
107.01699301921266,-2.0749341507246015
106.14243096435888,-2.0770274034625515
105.48767426337004,-2.078581417306708
104.8339064621437,-2.0801216921769026
104.18111914872097,-2.081648270853492
103.74646814220324,-2.0826584866502174
102.8784525640615,-2.0846605835498337
102.22855650026867,-2.086146109784039
101.5796076805645,-2.0876182823091938
101.14749731365873,-2.088592090685438
100.28451919194812,-2.0905218306987763
99.42318164940284,-2.0924277314873336
98.77824390982495,-2.093841632478643
98.13421062217192,-2.0952420528977598
97.27689292691974,-2.09708854155096
96.84882594181353,-2.0980028586285187
96.20745887921,-2.0993632886996636
95.56696481523849,-2.100710417149344
94.92733615017502,-2.1020442651566498
94.07583128446353,-2.1038023763986757
93.43819286790593,-2.1051056721075554
92.80139458205082,-2.1063958558068805
92.16542935135661,-2.107672895097352
91.53028975465374,-2.1089369579289325
90.68470790224494,-2.110602007600477
89.84056311202052,-2.112243854522717
89.20838745177954,-2.1134602889852374
88.57700312174869,-2.1146636449117295
87.73637635099887,-2.1162479948285977
87.10681126002083,-2.117421449027404
86.47801410940178,-2.118581953456271
85.84997771466011,-2.119729548066914
85.22269525562098,-2.120864424610005
84.59615987392223,-2.1219866970985777
84.17888115129105,-2.122727837656811
83.345302461554,-2.1241928199084725
82.72096724647106,-2.1252768200578487
82.09735143875619,-2.1263481368131636
81.47444900034152,-2.1274067620906862
80.85225317354542,-2.1284528803125227
80.23075718916738,-2.129486440939928
79.60995424527475,-2.130507370700343
78.98983810832888,-2.1315158347335625
78.37040216005695,-2.132511703072197
77.54553431960078,-2.133820064789319
77.13354503736379,-2.1344660048509354
76.51611124496412,-2.1354245201706874
75.89933181782698,-2.1363705118249356
75.28320056334934,-2.1373041582152155
74.66771107215034,-2.138225335640442
74.05285757115767,-2.1391342338962716
73.43863347794637,-2.140030797465414
72.82503260914223,-2.1409150437590654
72.21204914784914,-2.1417870818435745
71.5996764671365,-2.142646735900229
70.98790903429004,-2.143494185806304
70.37674072553409,-2.1443294604717664
69.76616511963677,-2.145152451023506
69.15617635032955,-2.1459633431562395
68.34376112813634,-2.147025645060779
67.73511907169781,-2.147808132622714
67.12704413883336,-2.148578540062829
66.7219729327323,-2.1490854027186117
65.91257261732368,-2.1500830791982253
65.10414932292649,-2.1510591822609513
64.49846531934428,-2.1517773605317814
63.89331780526428,-2.1524835313543917
63.2887009193626,-2.1531776196185604
62.88591502477633,-2.1536336615054665
62.081036787029205,-2.1545299565298137
61.477978280635504,-2.1551882290214053
60.875428199821506,-2.1558347112510035
60.0728091709123,-2.15667815043426
59.4714232581495,-2.157296812156119
58.8705273527723,-2.1579036259919917
58.27011596884319,-2.1584986338799013
57.67018335495565,-2.159081753279338
57.07072415556564,-2.159653119963707
56.671345051650604,-2.160027491884989
55.87320499176583,-2.160760523276366
55.275134408955395,-2.161296515459611
54.67751597287481,-2.161820812845434
54.08034446138717,-2.1623334358005764
53.48361433874483,-2.162834338126828
52.8873207802767,-2.1633235513870375
52.29145832814067,-2.163801130170924
51.69602190290733,-2.164267026883863
51.10100606500953,-2.164721266159944
50.50640584335765,-2.1651638832178435
49.912216243458445,-2.165594845184046
49.31843217322042,-2.1660143066415287
48.72504820822083,-2.166422155998788
48.1320596979255,-2.1668185400159814
47.7369510428311,-2.1670763915120403
46.94724786225711,-2.1675767215495796
46.15822044538631,-2.168056607909591
45.56688621572803,-2.1684031177019563
44.97592073200861,-2.168738181578192
44.1885313187044,-2.1691671336891147
43.401776868504285,-2.169575879961883
42.81212037124615,-2.1698691330714723
42.2228095871104,-2.17015108040718
41.63383970097024,-2.1704216610366416
41.04520557518578,-2.1706808153002726
40.260874488847,-2.1710088139494133
39.67300575050662,-2.1712416583053766
39.28127117861563,-2.171390613318408
38.69393282889716,-2.1716046287145048
38.10690643432195,-2.1718073565084524
37.32468169883136,-2.1720601645935744
36.73836484103588,-2.172236766754935
36.15234447409895,-2.1724022767315034
35.56661552461572,-2.1725564756338827
34.98117314295787,-2.1726994335866436
34.39601325938762,-2.1728314118292076
33.81113101374635,-2.172952274301281
33.226521542378165,-2.173062035721898
32.447459075628615,-2.173191220435143
31.86346870293491,-2.173275245183248
31.279735925257317,-2.173348286881861
30.501818211473708,-2.173428465542969
29.918669001192786,-2.173475920358129
29.335762143413888,-2.1735124724892216
28.55892249785625,-2.1735443438028312
27.782495099298373,-2.1735569498353584
27.200438685171473,-2.1735537334455444
26.618603855549235,-2.1735398524445486
26.03698589459696,-2.173515147126409
25.649358904791708,-2.1734927550675422
24.874383256281213,-2.173433832205376
24.293389952047093,-2.173377324971966
23.51904144078376,-2.173285601782254
22.74503665242382,-2.173175266402211
21.97136533636151,-2.173046489560818
21.391324344210787,-2.1729377301254544
20.811460897305103,-2.172818912414641
20.231770315717277,-2.172689881538048
19.65224867856875,-2.1725507954132297
18.879807979201985,-2.172349752846742
18.10764934008782,-2.1721312434376046
17.528709286518644,-2.171956092620519
16.949917907292388,-2.17177150648223
16.17842022062536,-2.171510934852762
15.792764248976123,-2.171374501768497
15.214393410337726,-2.171162472715082
14.636154247823315,-2.1709416994834214
14.058042880085377,-2.1707125280797754
13.480054725763207,-2.1704752414080986
12.902185772971958,-2.1702301920502407
12.324431773793433,-2.1699777854510103
11.7467886361863,-2.169718550727339
10.976763531128935,-2.1693629784431323
10.399362993501125,-2.1690893277686882
9.822059741197979,-2.16881051748922
9.244849813518268,-2.168527286832216
8.667729211938843,-2.1682404770967594
8.283029787666651,-2.1680478329082575
7.706048984842925,-2.1677576386921373
7.129146603075611,-2.167467339413463
6.360058675974573,-2.1670835824492656
5.783323740376559,-2.1668009373569816
5.206653881273679,-2.1665250633565734
4.6300452396970275,-2.1662575756815556
4.245670092031479,-2.166085343262779
3.092686687093861,-2.1656022070337997
2.5162635028184637,-2.1653961465249836
1.9398707553652499,-2.165218849364834
1.3635004936985324,-2.1650766513102724
0.7871266513287252,-2.1649695302631073
0.0185838858735197,-2.16486732019834
-0.7500209017925015,-2.1647489554214587
-1.3265058225282205,-2.1645980377222713
-1.9029951567018217,-2.16437814798266
-2.4794633665937837,-2.164094605299823
-2.8637624523517475,-2.163868117540801
-3.6323117423704887,-2.1633368231674126
-4.208664650220375,-2.1628749902024254
-4.78497253581113,-2.1623569092622574
-5.36122762134217,-2.161792381552516
-5.93742439656686,-2.161180517873163
-6.705590112806019,-2.1602925914098705
-7.2816368859296245,-2.1595746676435965
-7.857612379107917,-2.158814485152078
-8.433512584617393,-2.1580139259960163
-9.009333322755747,-2.157174645061559
-9.585070772072477,-2.156297967395602
-10.160720897773441,-2.1553850826492464
-10.736280024236157,-2.1544368700898815
-11.31174394821478,-2.153454206616601
-11.887108932096321,-2.152437773345383
-12.462370867919962,-2.1513881703250206
-13.037526110719599,-2.1503058075251147
-13.612570215514484,-2.149191388726024
-14.187499693957147,-2.1480452311343754
-14.762310226981583,-2.146867910678594
-15.336997943831427,-2.1456598107738216
-15.911558945601639,-2.14442119001896
-16.48598895680289,-2.143152491162539
-17.060284118327225,-2.1418539045730824
-17.4430706743785,-2.140971657584629
-18.017132325021894,-2.1396237173135546
-18.591048525334365,-2.1382463700223298
-19.164815129027243,-2.136839790298154
-19.73842847200577,-2.135404084617619
-20.31188433578587,-2.1339396085038516
-20.88517859519129,-2.1324463737874737
-21.267283050948997,-2.131435027285619
-22.031266458530116,-2.129374505360687
-22.60405221675077,-2.127796057460529
-23.176660489784936,-2.1261894459558164
-23.93985524058279,-2.124003702282181
-24.702718051716353,-2.1217684578608385
-25.27464145395402,-2.1200597244618393
-25.846368795172463,-2.118323343612616
-26.417895900131725,-2.116559596849669
-26.989219244936187,-2.114768367381714
-27.750658977020006,-2.112337756103443
-28.321489996013707,-2.110483218509529
-28.892103915686736,-2.1086014822317622
-29.65257757585907,-2.1060504800938986
-30.41264798073869,-2.1034516359249835
-30.982430376233438,-2.101471263715837
-31.551976540687143,-2.099464069664009
-32.12128221920327,-2.0974302916309
-32.50068410060381,-2.0960595288263164
-33.259157255928564,-2.093282526974008
-33.8277183219431,-2.0911687194508204
-34.396023031840365,-2.0890283641539895
-34.96406757981207,-2.086861346872098
-35.34261717993779,-2.085402015836877
-35.910218665572785,-2.0831909351938123
-36.477549175622826,-2.0809533559257147
-37.04460471990518,-2.078689264577548
-37.611381439594695,-2.076398618632254
-38.177874848833795,-2.0740817271895935
-38.932752369770675,-2.070951401346832
-39.49857008631097,-2.0685729099645016
-40.06409148676996,-2.06616811865635
-40.62931236947218,-2.063737140011881
-41.00595744565746,-2.062101884941768
-41.75883696338097,-2.0587967803780316
-42.32313298628919,-2.0562874289075523
-42.887112331280015,-2.05375224712688
-43.45077137378772,-2.051191132709107
-43.826364435204255,-2.04946927022786
-44.5771135699765,-2.045991263900305
-45.13978858790254,-2.043352721844542
-45.70212728931082,-2.0406886619817897
-46.26412598081595,-2.0379990904870056
-46.638600985092104,-2.0361919398642954
-47.387088228389295,-2.0325435867804913
-47.948043827481044,-2.029777788762914
-48.508644048333046,-2.0269867055654345
-49.0688846538129,-2.0241704461322456
-49.62876180646036,-2.0213290839834315
-50.18827167881405,-2.018462650731209
-50.74741033128533,-2.0155711958385893
-51.30617378008564,-2.012654845908571
-51.864558280071044,-2.0097135892860365
-52.23660207163968,-2.0077389641917023
-52.98017446488883,-2.0037566853375495
-53.35170076572575,-2.001749024306548
-53.908661889305364,-1.9987169888361223
-54.46522591620226,-1.9956602767009883
-55.021388485063,-1.992578992388843
-55.57714572104111,-1.9894731486395472
-56.13249399317477,-1.9863427718992455
-56.68742915861381,-1.983187915866921
-57.24194752754678,-1.980008563005299
-57.796044950070055,-1.9768048887808334
-58.34971773213723,-1.9735768661311113
-58.90296166284757,-1.9703244643202424
-59.455773260348394,-1.9670477187739834
-60.00814819534083,-1.9637466912939203
-60.560082828119846,-1.9604214242109208
-60.92779255136762,-1.9581912087787146
-61.478984263778266,-1.95482583924354
-62.21320481359434,-1.9503012460138507
-62.58001190807446,-1.948022859287562
-63.313013369859554,-1.94343421577571
-63.86222430654194,-1.93996482259476
-64.41096749952462,-1.9364716945378007
-65.1418917607872,-1.9317771543732363
-65.68952944812781,-1.9282285910194332
-66.23668721450296,-1.924656398413191
-66.78336105014391,-1.9210606237636512
-67.14753945895944,-1.9186504334597885
-68.23876233231655,-1.9113576620142112
-68.96513988471904,-1.9064438598660445
-69.50933687694918,-1.902731417340192
-70.05302725584006,-1.8989958686200055
-70.77715304623322,-1.8939792863462799
-71.31964648421621,-1.8901900579062385
-71.86162043552348,-1.8863779490661443
-72.40307148771305,-1.8825430555338016
-72.94399558348847,-1.8786854955206422
-73.66440197836032,-1.8735067399034904
-74.20408235732971,-1.8695962822356762
-74.74322318263651,-1.8656634045117073
-75.28182096617671,-1.8617080528229906
-75.81987186920948,-1.8577302837687455
-76.35737238412509,-1.8537300893581232
-76.89431846506643,-1.8497077088651679
-77.25197260721727,-1.847013777633606
-77.78798645575226,-1.842954369668604
-78.32343574867014,-1.8388728791599647
-78.85831679159485,-1.8347693671003071
-79.39262602362768,-1.8306438349125074
-79.92635974241199,-1.8264963091259006
-80.4595142398779,-1.82232686544819
-80.99208578368851,-1.8181355418948897
-81.52407054813487,-1.8139224931426838
-82.05546507320973,-1.8096875820254184
-82.58626554551061,-1.805430994172184
-83.11646819746898,-1.8011528162310242
-83.64606913088859,-1.7968532446878953
-84.35126198291394,-1.7910868585611581
-84.87944536354001,-1.7867371241279955
-85.40701489809112,-1.782366108806258
-85.93396699056449,-1.7779738548280761
-86.46029820521834,-1.7735603882152873
-86.98600467614015,-1.7691258176988924
-87.33612669979537,-1.766157794025105
-88.0355288474118,-1.7601937684611926
-88.55933944011556,-1.755696406134149
-89.08251107676053,-1.751178168877317
-89.60504017489343,-1.7466391621555601
-90.12692266549799,-1.7420795564453613
-90.64815520661655,-1.7374993182502578
-91.16873420703624,-1.7328985778618176
-91.68865599095913,-1.7282774349188514
-92.20791732059328,-1.7236359409805289
-92.72651434689747,-1.7189742042482692
-93.24444379613162,-1.71429217755869
-93.93397155717618,-1.7080181473307334
-94.45032906300622,-1.7032893318023525
-94.79419009962109,-1.700125619248439
-95.30941284194759,-1.6953635175935062
-95.82395004130065,-1.6905816951828854
-96.50892691563719,-1.6841753867117006
-97.02185094139811,-1.6793476328923589
-97.53407764149009,-1.6745003145284727
-98.21595599943467,-1.6680068052720003
-98.89658012562462,-1.6614788524838957
-99.23641928835538,-1.6582020401176294
-99.91514673311492,-1.6516225624955325
-100.42335588580475,-1.6466657111282927
-100.93084454520888,-1.6416896827467156
-101.6063690395506,-1.6350254383554557
-102.11216283016775,-1.6300051482747904
-102.6172243534973,-1.6249660999316973
-103.12155024436548,-1.6199082085157386
-103.62513716268431,-1.614831607840415
-104.12798146263982,-1.6097364837515045
-104.630079714017,-1.6046228015458155
-104.96439573218393,-1.6012034429218431
-105.46524331564024,-1.59605900075843
-105.96533569583687,-1.5908963012940376
-106.63094534088869,-1.5839841486271098
-107.12926301523703,-1.578778821670852
-107.7924940353139,-1.5718102974697672
-108.28901846199786,-1.566562944196022
-108.78476863503057,-1.5612977165857558
-109.11483710800367,-1.5577776826994523
-109.60928967658006,-1.5524828786474245
-110.10295899905341,-1.5471704397799613
-110.59584203128176,-1.5418403889945864
-111.08793557754082,-1.536492789976137
-111.57923596136283,-1.531127765862209
-112.23306389956487,-1.523947591615837
-112.72250105512713,-1.5185423667062992
-113.21113460100227,-1.5131199118740142
-113.69896063447867,-1.5076805117654146
-114.02372795677472,-1.5040448004196492
-114.67217786152078,-1.4967509552772071
-114.99585863312419,-1.493092804891944
-115.4806969922893,-1.4875916353899754
-115.96471290044904,-1.4820737958528127
-116.44790311493772,-1.476539459930848
-116.93026430418614,-1.4709886568347486
-117.41179355447613,-1.46542140957024
-117.89248754204365,-1.4598377250246415
-118.37234288129405,-1.4542378972695644
-118.85135644893842,-1.448621997122899
-119.32952522788668,-1.4429899312620194
-119.80684580701099,-1.4373419374927323
-120.28331500394093,-1.4316780806331622
-120.75892990211324,-1.4259984096535732
-121.3917483893609,-1.4184011119749584
-122.02303477449811,-1.410776215561441
-122.4954898624177,-1.4050393167402433
-122.96707587316659,-1.399286962935264
-123.59449984478445,-1.3915933199737935
-124.06404595486946,-1.3858053701510187
-124.53271272362664,-1.3800022631594686
-125.00049679819384,-1.3741841629244789
-125.4673952622103,-1.3683511274173839
-125.93340499458694,-1.3625032932966121
-126.39852316447023,-1.356640703634497
-126.86274650266455,-1.3507633370309975
-127.32607209541428,-1.3448714612621586
-127.78849705387198,-1.338965020097163
-128.25001803187808,-1.3330441767734271
-128.71063229591834,-1.3271090452001317
-129.17033685156784,-1.321159615242152
-129.6291288044391,-1.315195954437371
-130.08700505381384,-1.309218284335202
-130.54396254457828,-1.3032266950981182
-130.99999825134583,-1.2972211804327287
-131.4551095847022,-1.2912018512671466
-132.06048144633672,-1.2831548989115333
-132.5134239740565,-1.2771038516538624
-132.96543211380333,-1.271039342060675
-133.41650330637384,-1.264961434000071
-133.86663438606485,-1.2588702410557175
-134.31582265444266,-1.2527657397941425
-134.76406498352893,-1.2466481820045203
-135.211358735309,-1.240517563447355
-135.65770068126076,-1.2343741103190666
-136.1030884934954,-1.2282177027667274
-136.54751904437404,-1.2220485317628231
-136.99098965905512,-1.2158667649271706
-137.43349785830216,-1.2096722502114972
-137.8750402321926,-1.203465388610283
-138.31561422449406,-1.1972461400339398
-138.7552169523842,-1.1910145970030612
-139.1938467730844,-1.1847708294836252
-139.4857261265148,-1.1806015496235602
-140.3587703427917,-1.1680618043191089
-140.79383360089042,-1.1617741450764925
-141.22792396464237,-1.1554749437121643
-141.80519883702203,-1.1470579645635155
-142.2370211573241,-1.1407319771356583
-142.66787179702484,-1.134394722553111
-143.097751437854,-1.128046151732093
-143.52666018817283,-1.1216865756188383
-143.95459849575911,-1.1153161212871225
-144.38156722625098,-1.1089348049106889
-144.80756681301796,-1.1025427065094107
-145.23259774114743,-1.0961400260126197
-145.6566609103562,-1.0897268144571512
-146.22057415710228,-1.081159583286194
-146.6423817609453,-1.0747222614562872
-147.06322404446863,-1.0682747756835056
-147.48310144288146,-1.061817431964954
-147.76248417534748,-1.0575070292038902
-148.31996607297552,-1.048872998131401
-148.598065558922,-1.0445495314385767
-149.01441432949136,-1.0380562698759093
-149.4298029567977,-1.0315535970463259
-149.84423200299457,-1.0250415529265808
-150.25770294569242,-1.0185202144996026
-150.6702170450148,-1.0119896813357059
-151.0817751069839,-1.0054501041881565
-151.49237838432737,-0.9989015978520399
-151.90202797380874,-0.9923441108350346
-152.31072512885882,-0.9857779416780375
-152.71847133333983,-0.979203057520948
-153.1252678720369,-0.972619607000837
-153.5311160948355,-0.9660276768883023
-153.93601724294965,-0.9594273870965822
-154.33997295769245,-0.9528189727006122
-154.7429844960704,-0.9462024431458929
-155.14505356848616,-0.9395777469376299
-155.54618149237396,-0.9329452786859349
-155.94636983866954,-0.9263049104288541
-156.34562056246907,-0.91965671160807
-156.74393546763935,-0.913000791587848
-157.1413158969721,-0.90633735789811
-157.53776351874143,-0.899666457339606
-157.93328006775775,-0.8929881652304346
-158.32786727004486,-0.8863026526279612
-158.72152707072755,-0.8796098695069645
-159.2449667727844,-0.8706753311074635
-159.7667649958333,-0.8617284303868189
-160.1570391616193,-0.8550102543705975
-160.54639440312567,-0.8482854061097953
-161.0641085768953,-0.839308524643485
-161.45132688574347,-0.832568228055095
-161.83763271757675,-0.8258214596398261
-162.22302795933606,-0.8190684247671811
-162.60751475147424,-0.8123091574604473
-162.9910949512244,-0.8055436757768462
-163.37377061089282,-0.7987720895846451
-163.75554371717345,-0.7919944931832674
-164.13641651037685,-0.7852109232043176
-164.51639089824764,-0.7784216290021675
-164.89546899266057,-0.7716265556834969
-165.2736527222633,-0.7648259165849538
-165.650944338074,-0.7580197472057364
-166.02734600183223,-0.7512079215997289
-166.40285981595687,-0.7443908157559633
-166.9021673126759,-0.7352930176447785
-167.39990520969795,-0.7261858849823
-167.7721815346192,-0.719349574217091
-168.14357985522466,-0.7125082765983279
-168.63741563039457,-0.7033787912626508
-168.8837513044861,-0.6988108256592795
-169.25252874870554,-0.6919549166659067
-169.62043693221096,-0.6850941079416373
-169.9874778811358,-0.6782287063425088
-170.35365376851053,-0.6713587193701471
-170.59729154882677,-0.6667762261392056
-171.0834190910456,-0.6576053645191848
-171.44701276248213,-0.6507220231805775
-171.80974997271477,-0.6438344433860834
-172.1716329626342,-0.6369426256832469
-172.53266372559207,-0.6300466423993214
-173.01271605358957,-0.6208455698563853
-173.3717664533056,-0.6139403453505565
-173.72997168200214,-0.6070310736015472
-174.08733374946237,-0.6001178862452718
-174.32510773506115,-0.5955069179808845
-174.79953679037237,-0.586280114683376
-175.154381692299,-0.5793557698875418
-175.50839169955663,-0.5724278882757403
-175.8615686389287,-0.5654964136672049
-176.0965580707982,-0.5608734026144191
-176.5654312206004,-0.5516229647387831
-177.0328335825051,-0.5423665384667515
-177.38242296881236,-0.5354204690115125
-177.73118954962615,-0.5284711434347571
-178.079135232547,-0.5215185809378227
-178.4262616121776,-0.5145629703889654
-178.77257044489622,-0.5076043414062212
-179.11806355150742,-0.5006427720455804
-179.4627426166346,-0.4936783576889354
-179.8066094485333,-0.48671093347098804
-180.1496653518218,-0.4797407750275511
-180.49191219422622,-0.47276786708013674
-180.83335135317935,-0.46579223193486996
-181.17398430005946,-0.4588139271770899
-181.51381241615977,-0.45183320760529
-181.8528372306952,-0.44484985530044696
-182.30362308844926,-0.4355348409988551
-182.64077859281005,-0.4285458526055379
-182.97713496777294,-0.42155455359144867
-183.4243692453711,-0.4122290571178553
-183.8701877171118,-0.4028995915273583
-184.20362390981595,-0.39590000809403136
-184.53626599902336,-0.3888983850177681
-184.86811499551172,-0.3818944791344734
-185.19917148419992,-0.3748887344817433
-185.52943637623176,-0.3678809173869979
-185.85891049617672,-0.36087121223050644
-186.18759432589547,-0.35386613866688776
-186.51548822647598,-0.34685912542215647
-186.84259256594444,-0.3398501645604881
-187.16890758895272,-0.3328392263222213
-187.49443372164532,-0.32582634391155807
-187.8191709452444,-0.3188117463279241
-188.14311942347345,-0.3117953243883278
-188.46627911472876,-0.30477712116311295
-188.78865007534148,-0.2977571614028136
-189.1102320568548,-0.2907356128658307
-189.43102494830458,-0.2837125452330156
-189.751028462586,-0.27668780568166085
-190.07024233284687,-0.2696616721218845
-190.38866612267253,-0.2626338929071039
-190.7062990997985,-0.25560477843197305
-191.02314084861493,-0.24857428238735224
-191.3391906580748,-0.24154253616302412
-191.6544479724916,-0.23450931657004048
-191.96891130763984,-0.22747495040903232
-192.28257996991823,-0.220439432805847
-192.59545284620987,-0.21340265770979272
-192.9075284185499,-0.2063650211348147
-193.2188053797144,-0.19932615895666572
-193.63259665245567,-0.18993935052642996
-194.04496145983663,-0.18055360397039522
-194.35329601466833,-0.17351862796624573
-194.6608235552309,-0.16648248549370237
-195.069600873511,-0.15709926642855976
-195.27344810555306,-0.15240699836977
-195.57854016470182,-0.14536785356131077
-195.8828151167178,-0.13832782960577106
-196.1862701286629,-0.13128687440234899
-196.48890236075886,-0.12424516219559223
-196.69019853401585,-0.11955024183728824
-197.09168537080492,-0.11015927598253938
-197.3918293608369,-0.10311533132684758
-197.69113677495153,-0.09607094165602348
-197.98960406147413,-0.08902654793419629
-198.18811348629475,-0.08432954409926197
-198.5840017222774,-0.07493690513334172
-198.87992370528067,-0.06789229503553429
-199.17498872665305,-0.060847172509284064
-199.56706745687026,-0.05145319341076515
-199.76252879315132,-0.046756041321572184
-200.05499416601285,-0.03971004412633761
-200.34658294337873,-0.03266388928548736
-200.63728973681765,-0.02561768535565534
-201.0235172165216,-0.016222353240692655
-201.21603493128256,-0.011524702566390488
-201.59986959051625,-0.0021294655672647878
-201.8866875056184,0.00491685231622796
-202.17259136885153,0.011963030951676501
-202.45757445203876,0.019008778566330875
-202.6470483262428,0.023705747411725042
-203.02475094768138,0.03309933421897426
-203.3069299120459,0.04014396805305864
-203.58815933827208,0.04718802647428788
-203.96164117146736,0.05657924238883538
-204.3334021561488,0.06596919568255544
-204.5186311147711,0.07066364722274443
-204.7956530512895,0.07770463934585337
-205.07168122843072,0.08474481459739991
-205.34670681956058,0.0917840043651097
-205.7118319270282,0.10116795915632792
-205.98448167567972,0.10820461387280034
-206.2560970541691,0.11523992131125738
-206.61662454511438,0.12461837504838513
-206.7961842785047,0.1293065617410889
-207.06463521112175,0.1363376417326947
-207.33201000071978,0.1433672949430047
-207.59829775777357,0.15039518677568253
-207.95161690228426,0.1597629116578787
-208.12752108076515,0.1644455887202696
-208.3904220732481,0.171467865506429
-208.65216579519276,0.1784881114982113
-208.91273869303123,0.18550621615759155
-209.17212538336162,0.19252211292419474
-209.34438311998596,0.19719815805552798
-209.6872782091733,0.20654683916325212
-209.94301589650803,0.21355522979226294
-210.19750938584573,0.22056103793110537
-210.53488520368276,0.2298977552470376
-210.70273698084767,0.2345643033047793
-211.03676690362144,0.24389315296522796
-211.2858239779865,0.2508861568325358
-211.53362403035462,0.25787575867349233
-211.86206691740284,0.2671902577942262
-212.18827190909647,0.2764986283511348
-212.43145541561432,0.28347565740477876
-212.67337126444687,0.29044902147242624
-212.91401066259849,0.2974186566039805
-213.07372738357756,0.3020627770487181
-213.31223788036164,0.3090256218183072
-213.54946997655986,0.31598441669936506
-213.78542284369863,0.32293903925119594
-214.02009591380298,0.3298892777795004
-214.2534882891787,0.33683509774928666
-214.56268455966554,0.3460892144291847
-214.79308593011731,0.35302432753022117
-215.02220416680174,0.359954747328203
-215.25003871808656,0.3668802309574346
-215.47658889620536,0.37380078295817043
-215.70185436501768,0.38071637528798874
-215.92583420131305,0.3876267397494928
-216.14852801353663,0.39453170402813953
-216.44345132944844,0.4037300142473441
-216.59005479612514,0.40832548692839055
-216.8088869987075,0.41521404786479366
-217.02643079763658,0.4220970131373747
-217.24268573534505,0.42897429628220607
-217.45765134127777,0.4358455818028233
-217.60024528163987,0.4404232239475334
-217.88371300918067,0.4495704844417503
-218.09480813705562,0.45642359878775096
-218.3046122605858,0.4632703093329553
-218.51312493717646,0.47011089657189586
-218.72034589045563,0.47694488927027123
-218.99463027754413,0.48604554837228875
-219.19883559532138,0.49286302578616414
-219.40174779297158,0.4996727323527068
-219.6033665610697,0.5064743837733658
-219.80369169821034,0.51326884431694
-220.00272274407288,0.5200562353352325
-220.2004592755054,0.5268363083385736
-220.39690114948033,0.5336088379755495
-220.5920480381513,0.5403738185672466
-220.78589979018886,0.5471311054998864
-220.97845597678594,0.5538807661382066
-221.16971648547153,0.5606225280240835
-221.35968104254928,0.5673563715776027
-221.5483498353931,0.5740714307788153
-221.73572280566185,0.5807777858945542
-221.92179997360262,0.5874753275127205
-222.1065813739194,0.5941643245122066
-222.29006712884186,0.6008444222186711
-222.47225732729817,0.6075156691194081
-222.65315208636815,0.6141777846064542
-222.8327515967995,0.6208308118638115
-223.0110558977926,0.6274745694911132
-223.18806517916218,0.634109082417524
-223.36377958175342,0.6407339132171046
-223.53819915770396,0.6473493852157617
-223.71132416830312,0.6539551717234815
-223.883154830978,0.66055114065324
-224.05369116036766,0.6671372507324236
-224.22293343074148,0.6737132751657384
-224.3908818339949,0.6802793417541579
-224.55753644630073,0.6868353490344248
-224.72289747958584,0.6933811091590485
-224.88696524808012,0.6999165367210765
-225.04973980109003,0.7064414093316316
-225.21122154773118,0.7129557649157903
-225.3714106180908,0.7194594642926688
-225.53030719213737,0.7259526159055838
-225.68791165349293,0.7324346715543868
-225.89604155639668,0.7389057593432824
-226.20393204700846,0.75396164359762
-226.3559410001357,0.7603954852069421
-226.5066597284185,0.7668177771737703
-226.65608848159397,0.773228497632175
-226.80422780969795,0.7796277229253974
-226.95107821996848,0.786015227266887
-227.09664008886088,0.7923909118856045
-227.24091401168135,0.798754761841991
-227.38390059278876,0.805106325117606
-227.5256005104585,0.8114457757573632
-227.66601428580074,0.8177731392298995
-227.8054204866408,0.8236470828718154
-227.94352011980143,0.8294877497679067
-228.1257391995033,0.837274136958996
-228.2602009728032,0.8431784739329089
-228.39340974871817,0.8488871812090792
-228.52548783657502,0.8549547097527466
-228.65562966869422,0.8606792672275674
-228.78492714342042,0.8666337140689109
-228.87065685467414,0.8705479195854764
-229.0404159716712,0.8786391374381992
-229.2515104398869,0.883348525941841
-229.2515104398869,0.883348525941841
-229.2515104398869,0.883348525941841
-229.2515104398869,0.883348525941841
-229.2515104398869,0.883348525941841
-229.2515104398869,0.883348525941841
-229.2515104398869,0.883348525941841
-229.2515104398869,0.883348525941841
-229.2515104398869,0.883348525941841
-229.2515104398869,0.883348525941841
-229.2515104398869,0.883348525941841
-229.2515104398869,0.883348525941841
-229.2515104398869,0.883348525941841
-229.2515104398869,0.883348525941841
-229.2515104398869,0.883348525941841
-229.2515104398869,0.883348525941841
-229.2515104398869,0.883348525941841
-229.2515104398869,0.883348525941841
-229.2515104398869,0.883348525941841
-229.2515104398869,0.883348525941841
-229.2515104398869,0.883348525941841
-229.2515104398869,0.883348525941841
-229.2515104398869,0.883348525941841
-229.2515104398869,0.883348525941841
-229.2515104398869,0.883348525941841
-229.2515104398869,0.883348525941841
-229.2515104398869,0.883348525941841
-229.2515104398869,0.883348525941841
-229.2515104398869,0.883348525941841
-229.2515104398869,0.883348525941841
-229.2515104398869,0.883348525941841
-229.2515104398869,0.883348525941841
-229.2515104398869,0.883348525941841
-229.2515104398869,0.883348525941841
-229.2515104398869,0.883348525941841
-229.2515104398869,0.883348525941841
-229.2515104398869,0.883348525941841
-229.2515104398869,0.883348525941841
-229.2515104398869,0.883348525941841
-229.2515104398869,0.883348525941841
-229.2515104398869,0.883348525941841
-229.2515104398869,0.883348525941841
-229.2515104398869,0.883348525941841
-229.2515104398869,0.883348525941841
-229.2515104398869,0.883348525941841
-229.2515104398869,0.883348525941841
-229.2515104398869,0.883348525941841
-229.2515104398869,0.883348525941841
-229.2515104398869,0.883348525941841
-229.2515104398869,0.883348525941841
-229.2515104398869,0.883348525941841
-229.2515104398869,0.883348525941841
-229.2515104398869,0.883348525941841
-229.2515104398869,0.883348525941841
-229.2515104398869,0.883348525941841
-229.2515104398869,0.883348525941841
-229.2515104398869,0.883348525941841
-229.2515104398869,0.883348525941841
-229.2515104398869,0.883348525941841
-229.2515104398869,0.883348525941841
-229.2515104398869,0.883348525941841
-229.2515104398869,0.883348525941841
-229.2515104398869,0.883348525941841
-229.2515104398869,0.883348525941841
-229.2515104398869,0.883348525941841
-229.2515104398869,0.883348525941841
-229.2515104398869,0.883348525941841
-229.2515104398869,0.883348525941841
-229.2515104398869,0.883348525941841
-229.2515104398869,0.883348525941841
-229.2515104398869,0.883348525941841
-229.2515104398869,0.883348525941841
-229.2515104398869,0.883348525941841
-229.2515104398869,0.883348525941841
-229.2515104398869,0.883348525941841
-229.2515104398869,0.883348525941841
-229.2515104398869,0.883348525941841
-229.2515104398869,0.883348525941841
-229.2515104398869,0.883348525941841
-229.2515104398869,0.883348525941841
-229.2515104398869,0.883348525941841
-229.2515104398869,0.883348525941841
-229.2515104398869,0.883348525941841
-229.2515104398869,0.883348525941841
-229.2515104398869,0.883348525941841
-229.2515104398869,0.883348525941841
-229.2515104398869,0.883348525941841
-229.2515104398869,0.883348525941841
-229.2515104398869,0.883348525941841
-229.2515104398869,0.883348525941841
-229.2515104398869,0.883348525941841
-229.2515104398869,0.883348525941841
-229.2515104398869,0.883348525941841
-229.2515104398869,0.883348525941841
-229.2515104398869,0.883348525941841
-229.2515104398869,0.883348525941841
-229.2515104398869,0.883348525941841
-229.2515104398869,0.883348525941841
-229.2515104398869,0.883348525941841
-229.2515104398869,0.883348525941841
-229.2515104398869,0.883348525941841
-229.2515104398869,0.883348525941841
-229.2515104398869,0.883348525941841
-229.2515104398869,0.883348525941841
-229.2515104398869,0.883348525941841
-229.2515104398869,0.883348525941841
-229.2515104398869,0.883348525941841
-229.2515104398869,0.883348525941841
-229.2515104398869,0.883348525941841
-229.2515104398869,0.883348525941841
-229.2515104398869,0.883348525941841
-229.2515104398869,0.883348525941841
-229.2515104398869,0.883348525941841
-229.2515104398869,0.883348525941841
-229.2515104398869,0.883348525941841
-229.2515104398869,0.883348525941841
-229.2515104398869,0.883348525941841
-229.2515104398869,0.883348525941841
-229.2515104398869,0.883348525941841
-229.2515104398869,0.883348525941841
-229.2515104398869,0.883348525941841
-229.2515104398869,0.883348525941841
-229.2515104398869,0.883348525941841
-229.2515104398869,0.883348525941841
-229.2515104398869,0.883348525941841
-229.2515104398869,0.883348525941841
-229.2515104398869,0.883348525941841
-229.2515104398869,0.883348525941841
-229.2515104398869,0.883348525941841
-229.2515104398869,0.883348525941841
-229.2515104398869,0.883348525941841
-229.2515104398869,0.883348525941841
-229.2515104398869,0.883348525941841
-229.2515104398869,0.883348525941841
-229.2515104398869,0.883348525941841
-229.2515104398869,0.883348525941841
-229.2515104398869,0.883348525941841
-229.2515104398869,0.883348525941841
-229.2515104398869,0.883348525941841
-229.2515104398869,0.883348525941841
-229.2515104398869,0.883348525941841
-229.2515104398869,0.883348525941841
-229.2515104398869,0.883348525941841
-229.2515104398869,0.883348525941841
-229.2515104398869,0.883348525941841
-229.2515104398869,0.883348525941841
-229.2515104398869,0.883348525941841
-229.2515104398869,0.883348525941841
-229.2515104398869,0.883348525941841
-229.2515104398869,0.883348525941841
-229.2515104398869,0.883348525941841
-229.2515104398869,0.883348525941841
-229.2515104398869,0.883348525941841
-229.2515104398869,0.883348525941841
-229.2515104398869,0.883348525941841
-229.2515104398869,0.883348525941841
-229.2515104398869,0.883348525941841
-229.2515104398869,0.883348525941841
-229.2515104398869,0.883348525941841
-229.2515104398869,0.883348525941841
-229.2515104398869,0.883348525941841
-229.2515104398869,0.883348525941841
-229.2515104398869,0.883348525941841
-229.2515104398869,0.883348525941841
-229.2515104398869,0.883348525941841
-229.2515104398869,0.883348525941841
-229.2515104398869,0.883348525941841
-229.2515104398869,0.883348525941841
-229.2515104398869,0.883348525941841
-229.2515104398869,0.883348525941841
-229.2515104398869,0.883348525941841
-229.2515104398869,0.883348525941841
-229.2515104398869,0.883348525941841
-229.2515104398869,0.883348525941841
-229.2515104398869,0.883348525941841
-229.2515104398869,0.883348525941841
-229.2515104398869,0.883348525941841
-229.2515104398869,0.883348525941841
-229.2515104398869,0.883348525941841
-229.2515104398869,0.883348525941841
-229.2515104398869,0.883348525941841
-229.2515104398869,0.883348525941841
-229.2515104398869,0.883348525941841
-229.2515104398869,0.883348525941841
-229.2515104398869,0.883348525941841
-229.2515104398869,0.883348525941841
-229.2515104398869,0.883348525941841
-229.2515104398869,0.883348525941841
-229.2515104398869,0.883348525941841
-229.2515104398869,0.883348525941841
-229.2515104398869,0.883348525941841
-229.2515104398869,0.883348525941841
-229.2515104398869,0.883348525941841
-229.2515104398869,0.883348525941841
-229.2515104398869,0.883348525941841
-229.2515104398869,0.883348525941841
-229.2515104398869,0.883348525941841
-229.2515104398869,0.883348525941841
-229.2515104398869,0.883348525941841
-229.2515104398869,0.883348525941841
-229.2515104398869,0.883348525941841
-229.2515104398869,0.883348525941841
-229.2515104398869,0.883348525941841
-229.2515104398869,0.883348525941841
-229.2515104398869,0.883348525941841
-229.2515104398869,0.883348525941841
-229.2515104398869,0.883348525941841
-229.2515104398869,0.883348525941841
-229.2515104398869,0.883348525941841
-229.2515104398869,0.883348525941841
-229.2515104398869,0.883348525941841
-229.2515104398869,0.883348525941841
-229.2515104398869,0.883348525941841
-229.2515104398869,0.883348525941841
-229.2515104398869,0.883348525941841
-229.2515104398869,0.883348525941841
-229.2515104398869,0.883348525941841
-229.2515104398869,0.883348525941841
-229.2515104398869,0.883348525941841
-229.2515104398869,0.883348525941841
-229.2515104398869,0.883348525941841
-229.2515104398869,0.883348525941841
-229.2515104398869,0.883348525941841
-229.2515104398869,0.883348525941841
-229.2515104398869,0.883348525941841
-229.2515104398869,0.883348525941841
-229.2515104398869,0.883348525941841
-229.2515104398869,0.883348525941841
-229.2515104398869,0.883348525941841
-229.2515104398869,0.883348525941841
-229.2515104398869,0.883348525941841
-229.2515104398869,0.883348525941841
-229.2515104398869,0.883348525941841
-229.2515104398869,0.883348525941841
-229.2515104398869,0.883348525941841
-229.2515104398869,0.883348525941841
-229.2515104398869,0.883348525941841
-229.2515104398869,0.883348525941841
-229.2515104398869,0.883348525941841
-229.2515104398869,0.883348525941841
-229.2515104398869,0.883348525941841
-229.2515104398869,0.883348525941841
-229.2515104398869,0.883348525941841
-229.2515104398869,0.883348525941841
-229.2515104398869,0.883348525941841
-229.2515104398869,0.883348525941841
-229.2515104398869,0.883348525941841
-229.2515104398869,0.883348525941841
-229.2515104398869,0.883348525941841
-229.2515104398869,0.883348525941841
-229.2515104398869,0.883348525941841
-229.2515104398869,0.883348525941841
-229.2515104398869,0.883348525941841
-229.2515104398869,0.883348525941841
-229.2515104398869,0.883348525941841
-229.2515104398869,0.883348525941841
